ID,TaxonName,TaxonomicPhylum,TaxonomicClass,TaxonomicOrder,TaxonomicFamily,TaxonomicGenus
1,Bonasa bonasia,Chordata,Aves,Galliformes,Tetraonidae,Bonasa
2,Anolis limifrons,Chordata,Reptilia,Squamata,Iguanidae,Anolis
3,Ischnura elegans,Arthropoda,Insecta,Odonata,Coenagriidae,Ischnura
5,Libellula quadrimaculata,Arthropoda,Insecta,Odonata,Libellulidae,Libellula
6,Coenagrion puella,Arthropoda,Insecta,Odonata,Coenagriidae,Coenagrion
7,Lestes sponsa,Arthropoda,Insecta,Odonata,Lestidae,Lestes
8,Haematopus ostralegus,Chordata,Aves,Charadriiformes,Haematopodidae,Haematopus
9,Charadrius hiaticula,Chordata,Aves,Charadriiformes,Charadriidae,Charadrius
10,Pluvialis squatarola,Chordata,Aves,Charadriiformes,Charadriidae,Pluvialis
11,Calidris canutus,Chordata,Aves,Charadriiformes,Scolopacidae,Calidris
12,Calidris alba,Chordata,Aves,Charadriiformes,Scolopacidae,Calidris
13,Calidris alpina,Chordata,Aves,Charadriiformes,Scolopacidae,Calidris
14,Limosa limosa,Chordata,Aves,Charadriiformes,Scolopacidae,Limosa
15,Limosa lapponica,Chordata,Aves,Charadriiformes,Scolopacidae,Limosa
16,Numenius arquata,Chordata,Aves,Charadriiformes,Scolopacidae,Numenius
17,Tringa totanus,Chordata,Aves,Charadriiformes,Scolopacidae,Tringa
18,Arenaria interpres,Chordata,Aves,Charadriiformes,Scolopacidae,Arenaria
44,Apodemus sylvaticus,Chordata,Mammalia,Rodentia,Muridae,Apodemus
45,Apodemus sylvaticus,Chordata,Mammalia,Rodentia,Muridae,Apodemus
46,Clethrionomys glareolus,Chordata,Mammalia,Rodentia,Muridae,Clethrionomys
47,Clethrionomys glareolus,Chordata,Mammalia,Rodentia,Muridae,Clethrionomys
56,Haematopus ostralegus,Chordata,Aves,Charadriiformes,Haematopodidae,Haematopus
57,Anthus pratensis,Chordata,Aves,Passeriformes,Motacillidae,Anthus
58,Oenanthe oenanthe,Chordata,Aves,Passeriformes,Muscicapidae,Oenanthe
59,Alauda arvensis,Chordata,Aves,Passeriformes,Alaudidae,Alauda
60,Sturnus vulgaris,Chordata,Aves,Passeriformes,Sturnidae,Sturnus
61,Vanellus vanellus,Chordata,Aves,Charadriiformes,Charadriidae,Vanellus
1090,Anguilla anguilla,Chordata,Osteichthyes,Anguilliformes,Anguillidae,Anguilla
1093,Ciliata mustela,Chordata,Osteichthyes,Gadiformes,Gadidae,Ciliata
1097,Dicentrarchus labrax,Chordata,Osteichthyes,Perciformes,Serranidae,Dicentrarchus
1101,Limanda limanda,Chordata,Osteichthyes,Pleuronectiformes,Hippoglossidae,Limanda
1102,Liparis liparis,Chordata,Osteichthyes,Perciformes,Liparidae,Liparis
1104,Merlangius merlangus,Chordata,Osteichthyes,Gadiformes,Gadidae,Merlangius
1106,Platichthys flesus,Chordata,Osteichthyes,Pleuronectiformes,Hippoglossidae,Platichthys
1109,Pomatoschistus minutus,Chordata,Osteichthyes,Perciformes,Gobiidae,Pomatoschistus
1111,Solea solea,Chordata,Osteichthyes,Pleuronectiformes,Soleidae,Solea
1112,Sprattus sprattus,Chordata,Osteichthyes,Clupeiformes,Clupeidae,Sprattus
1115,Trisopterus luscus,Chordata,Osteichthyes,Gadiformes,Gadidae,Trisopterus
1116,Trisopterus minutus,Chordata,Osteichthyes,Gadiformes,Gadidae,Trisopterus
1159,Contopus virens,Chordata,Aves,Passeriformes,Tyrannidae,Contopus
1160,Cyanocitta cristata,Chordata,Aves,Passeriformes,Corvidae,Cyanocitta
1163,Troglodytes aedon,Chordata,Aves,Passeriformes,Certhiidae,Troglodytes
1166,Sturnus vulgaris,Chordata,Aves,Passeriformes,Sturnidae,Sturnus
1170,Passerina cyanea,Chordata,Aves,Passeriformes,Fringillidae,Passerina
1174,Zenaida macroura,Chordata,Aves,Columbiformes,Columbidae,Zenaida
1181,Corvus brachyrhynchos.,Chordata,Aves,Passeriformes,Corvidae,Corvus
1185,Sturnus vulgaris,Chordata,Aves,Passeriformes,Sturnidae,Sturnus
1188,Junco hyemalis,Chordata,Aves,Passeriformes,Fringillidae,Junco
1189,Spizella arborea,Chordata,Aves,Passeriformes,Fringillidae,Spizella
1207,Spizella pusilla,Chordata,Aves,Passeriformes,Fringillidae,Spizella
1235,Troglodytes troglodytes,Chordata,Aves,Passeriformes,Certhiidae,Troglodytes
1239,Erithacus rubecula,Chordata,Aves,Passeriformes,Muscicapidae,Erithacus
1314,Vulpes vulpes,Chordata,Mammalia,Carnivora,Canidae,Vulpes
1315,Vulpes vulpes,Chordata,Mammalia,Carnivora,Canidae,Vulpes
1316,Vulpes vulpes,Chordata,Mammalia,Carnivora,Canidae,Vulpes
1317,Vulpes vulpes,Chordata,Mammalia,Carnivora,Canidae,Vulpes
1318,Vulpes,Chordata,Mammalia,Carnivora,Canidae,Vulpes
1319,Vulpes,Chordata,Mammalia,Carnivora,Canidae,Vulpes
1320,Vulpes,Chordata,Mammalia,Carnivora,Canidae,Vulpes
1321,Vulpes,Chordata,Mammalia,Carnivora,Canidae,Vulpes
1322,Vulpes,Chordata,Mammalia,Carnivora,Canidae,Vulpes
1323,Vulpes,Chordata,Mammalia,Carnivora,Canidae,Vulpes
1324,Vulpes,Chordata,Mammalia,Carnivora,Canidae,Vulpes
1325,Martes americana,Chordata,Mammalia,Carnivora,Mustelidae,Martes
1327,Martes americana,Chordata,Mammalia,Carnivora,Mustelidae,Martes
1328,Martes americana,Chordata,Mammalia,Carnivora,Mustelidae,Martes
1329,Martes americana,Chordata,Mammalia,Carnivora,Mustelidae,Martes
1331,Vulpes,Chordata,Mammalia,Carnivora,Canidae,Vulpes
1333,Alopex lagopus,Chordata,Mammalia,Carnivora,Canidae,Alopex
1334,Vulpes,Chordata,Mammalia,Carnivora,Canidae,Vulpes
1336,Alopex lagopus,Chordata,Mammalia,Carnivora,Canidae,Alopex
1337,Alopex lagopus,Chordata,Mammalia,Carnivora,Canidae,Alopex
1339,Alopex lagopus,Chordata,Mammalia,Carnivora,Canidae,Alopex
1340,Alopex lagopus,Chordata,Mammalia,Carnivora,Canidae,Alopex
1341,Alopex lagopus,Chordata,Mammalia,Carnivora,Canidae,Alopex
1342,Lepus timidus,Chordata,Mammalia,Lagomorpha,Leporidae,Lepus
1343,Lepus timidus,Chordata,Mammalia,Lagomorpha,Leporidae,Lepus
1347,Grus americana,Chordata,Aves,Gaviiformes,Gruidae,Grus
1348,Oryctolagus cuniculus,Chordata,Mammalia,Lagomorpha,Leporidae,Oryctolagus
1349,Oryctolagus cuniculus,Chordata,Mammalia,Lagomorpha,Leporidae,Oryctolagus
1350,Oryctolagus cuniculus,Chordata,Mammalia,Lagomorpha,Leporidae,Oryctolagus
1351,Oryctolagus cuniculus,Chordata,Mammalia,Lagomorpha,Leporidae,Oryctolagus
1352,Lepus europaeus,Chordata,Mammalia,Lagomorpha,Leporidae,Lepus
1353,Lepus europaeus,Chordata,Mammalia,Lagomorpha,Leporidae,Lepus
1354,Lepus timidus,Chordata,Mammalia,Lagomorpha,Leporidae,Lepus
1355,Lepus europaeus,Chordata,Mammalia,Lagomorpha,Leporidae,Lepus
1356,Perdix perdix,Chordata,Aves,Galliformes,Phasianidae,Perdix
1357,Perdix perdix,Chordata,Aves,Galliformes,Phasianidae,Perdix
1358,Perdix perdix,Chordata,Aves,Galliformes,Phasianidae,Perdix
1359,Perdix perdix,Chordata,Aves,Galliformes,Phasianidae,Perdix
1360,Perdix perdix,Chordata,Aves,Galliformes,Phasianidae,Perdix
1361,Perdix perdix,Chordata,Aves,Galliformes,Phasianidae,Perdix
1362,Lagopus lagopus scoticus,Chordata,Aves,Galliformes,Tetraonidae,Lagopus
1363,Lagopus lagopus scoticus,Chordata,Aves,Galliformes,Tetraonidae,Lagopus
1364,Lagopus lagopus scoticus,Chordata,Aves,Galliformes,Tetraonidae,Lagopus
1365,Lagopus lagopus scoticus,Chordata,Aves,Galliformes,Tetraonidae,Lagopus
1366,Tetrao tetrix,Chordata,Aves,Galliformes,Tetraonidae,Tetrao
1367,Scolopax rusticola,Chordata,Aves,Charadriiformes,Scolopacidae,Scolopax
1368,Mustela,Chordata,Mammalia,Carnivora,Mustelidae,Mustela
1369,Mustela,Chordata,Mammalia,Carnivora,Mustelidae,Mustela
1377,Parus atricapillus,Chordata,Aves,Passeriformes,Paridae,Parus
1402,Microtus montanus,Chordata,Mammalia,Rodentia,Muridae,Microtus
1403,Ardea cinerea,Chordata,Aves,Ciconiiformes,Ardeidae,Ardea
1405,Ciconia ciconia,Chordata,Aves,Ciconiiformes,Ciconiidae,Ciconia
1505,Sula bassana,Chordata,Aves,Pelecaniformes,Sulidae,Sula
1507,Sula bassana,Chordata,Aves,Pelecaniformes,Sulidae,Sula
1508,Sula bassana,Chordata,Aves,Pelecaniformes,Sulidae,Sula
1516,Sula bassana,Chordata,Aves,Pelecaniformes,Sulidae,Sula
1517,Sula bassana,Chordata,Aves,Pelecaniformes,Sulidae,Sula
1522,Ciconia ciconia,Chordata,Aves,Ciconiiformes,Ciconiidae,Ciconia
1523,Contarinia tritici,Arthropoda,Insecta,Diptera,Cecidomyiidae,Contarinia
1524,Sitodiplosis mosellana,Arthropoda,Insecta,Diptera,Cecidomyiidae,Sitodiplosis
1526,Anser caerulescens caerulescens,Chordata,Aves,Anseriformes,Anatidae,Anser
1536,Bonasa umbellus,Chordata,Aves,Galliformes,Tetraonidae,Bonasa
1602,Alosa pseudoharengus,Chordata,Osteichthyes,Clupeiformes,Clupeidae,Alosa
1612,Salmo salar,Chordata,Osteichthyes,Salmoniformes,Salmonidae,Salmo
1613,Salmo salar,Chordata,Osteichthyes,Salmoniformes,Salmonidae,Salmo
1618,Salmo salar,Chordata,Osteichthyes,Salmoniformes,Salmonidae,Salmo
1626,Salmo salar,Chordata,Osteichthyes,Salmoniformes,Salmonidae,Salmo
1628,Alosa sapidissima,Chordata,Osteichthyes,Clupeiformes,Clupeidae,Alosa
1633,Alosa aestivalis,Chordata,Osteichthyes,Clupeiformes,Clupeidae,Alosa
1660,Oncorhynchus tshawytscha,Chordata,Osteichthyes,Salmoniformes,Salmonidae,Oncorhynchus
1664,Oncorhynchus keta,Chordata,Osteichthyes,Salmoniformes,Salmonidae,Oncorhynchus
1667,Oncorhynchus keta,Chordata,Osteichthyes,Salmoniformes,Salmonidae,Oncorhynchus
1669,Oncorhynchus keta,Chordata,Osteichthyes,Salmoniformes,Salmonidae,Oncorhynchus
1670,Oncorhynchus keta,Chordata,Osteichthyes,Salmoniformes,Salmonidae,Oncorhynchus
1671,Oncorhynchus keta,Chordata,Osteichthyes,Salmoniformes,Salmonidae,Oncorhynchus
1674,Scomber japonicus,Chordata,Osteichthyes,Perciformes,Scombridae,Scomber
1783,Clupea harengus,Chordata,Osteichthyes,Clupeiformes,Clupeidae,Clupea
1792,Coregonus clupeaformis,Chordata,Osteichthyes,Salmoniformes,Salmonidae,Coregonus
1826,Oncorhynchus gorbuscha,Chordata,Osteichthyes,Salmoniformes,Salmonidae,Oncorhynchus
1828,Oncorhynchus gorbuscha,Chordata,Osteichthyes,Salmoniformes,Salmonidae,Oncorhynchus
1829,Oncorhynchus gorbuscha,Chordata,Osteichthyes,Salmoniformes,Salmonidae,Oncorhynchus
1830,Oncorhynchus gorbuscha,Chordata,Osteichthyes,Salmoniformes,Salmonidae,Oncorhynchus
1831,Oncorhynchus gorbuscha,Chordata,Osteichthyes,Salmoniformes,Salmonidae,Oncorhynchus
1857,Oncorhynchus gorbuscha,Chordata,Osteichthyes,Salmoniformes,Salmonidae,Oncorhynchus
1858,Oncorhynchus gorbuscha,Chordata,Osteichthyes,Salmoniformes,Salmonidae,Oncorhynchus
1860,Oncorhynchus gorbuscha,Chordata,Osteichthyes,Salmoniformes,Salmonidae,Oncorhynchus
1865,Oncorhynchus gorbuscha,Chordata,Osteichthyes,Salmoniformes,Salmonidae,Oncorhynchus
1866,Oncorhynchus gorbuscha,Chordata,Osteichthyes,Salmoniformes,Salmonidae,Oncorhynchus
1868,Oncorhynchus gorbuscha,Chordata,Osteichthyes,Salmoniformes,Salmonidae,Oncorhynchus
1869,Oncorhynchus gorbuscha,Chordata,Osteichthyes,Salmoniformes,Salmonidae,Oncorhynchus
1870,Oncorhynchus gorbuscha,Chordata,Osteichthyes,Salmoniformes,Salmonidae,Oncorhynchus
1875,Oncorhynchus gorbuscha,Chordata,Osteichthyes,Salmoniformes,Salmonidae,Oncorhynchus
1876,Oncorhynchus gorbuscha,Chordata,Osteichthyes,Salmoniformes,Salmonidae,Oncorhynchus
1877,Oncorhynchus gorbuscha,Chordata,Osteichthyes,Salmoniformes,Salmonidae,Oncorhynchus
1878,Oncorhynchus gorbuscha,Chordata,Osteichthyes,Salmoniformes,Salmonidae,Oncorhynchus
1879,Oncorhynchus gorbuscha,Chordata,Osteichthyes,Salmoniformes,Salmonidae,Oncorhynchus
1880,Oncorhynchus gorbuscha,Chordata,Osteichthyes,Salmoniformes,Salmonidae,Oncorhynchus
1881,Oncorhynchus gorbuscha,Chordata,Osteichthyes,Salmoniformes,Salmonidae,Oncorhynchus
1882,Oncorhynchus gorbuscha,Chordata,Osteichthyes,Salmoniformes,Salmonidae,Oncorhynchus
1883,Oncorhynchus gorbuscha,Chordata,Osteichthyes,Salmoniformes,Salmonidae,Oncorhynchus
1884,Oncorhynchus gorbuscha,Chordata,Osteichthyes,Salmoniformes,Salmonidae,Oncorhynchus
1885,Oncorhynchus gorbuscha,Chordata,Osteichthyes,Salmoniformes,Salmonidae,Oncorhynchus
1886,Oncorhynchus gorbuscha,Chordata,Osteichthyes,Salmoniformes,Salmonidae,Oncorhynchus
1887,Oncorhynchus gorbuscha,Chordata,Osteichthyes,Salmoniformes,Salmonidae,Oncorhynchus
1888,Oncorhynchus gorbuscha,Chordata,Osteichthyes,Salmoniformes,Salmonidae,Oncorhynchus
1889,Oncorhynchus gorbuscha,Chordata,Osteichthyes,Salmoniformes,Salmonidae,Oncorhynchus
1893,Oncorhynchus gorbuscha,Chordata,Osteichthyes,Salmoniformes,Salmonidae,Oncorhynchus
1894,Oncorhynchus gorbuscha,Chordata,Osteichthyes,Salmoniformes,Salmonidae,Oncorhynchus
1927,Lepidopsetta bilineata,Chordata,Osteichthyes,Pleuronectiformes,Pleuronectidae,Lepidopsetta
1941,Sardinops sagax,Chordata,Osteichthyes,Clupeiformes,Clupeidae,Sardinops
1949,Chrysophrys major,Chordata,Osteichthyes,Perciformes,Sparidae,Chrysophrys
1964,Oncorhynchus nerka,Chordata,Osteichthyes,Salmoniformes,Salmonidae,Oncorhynchus
1965,Oncorhynchus nerka,Chordata,Osteichthyes,Salmoniformes,Salmonidae,Oncorhynchus
1966,Oncorhynchus nerka,Chordata,Osteichthyes,Salmoniformes,Salmonidae,Oncorhynchus
1968,Oncorhynchus nerka,Chordata,Osteichthyes,Salmoniformes,Salmonidae,Oncorhynchus
1970,Oncorhynchus nerka,Chordata,Osteichthyes,Salmoniformes,Salmonidae,Oncorhynchus
1971,Oncorhynchus nerka,Chordata,Osteichthyes,Salmoniformes,Salmonidae,Oncorhynchus
1973,Oncorhynchus nerka,Chordata,Osteichthyes,Salmoniformes,Salmonidae,Oncorhynchus
1974,Oncorhynchus nerka,Chordata,Osteichthyes,Salmoniformes,Salmonidae,Oncorhynchus
1976,Oncorhynchus nerka,Chordata,Osteichthyes,Salmoniformes,Salmonidae,Oncorhynchus
1978,Oncorhynchus nerka,Chordata,Osteichthyes,Salmoniformes,Salmonidae,Oncorhynchus
1981,Oncorhynchus nerka,Chordata,Osteichthyes,Salmoniformes,Salmonidae,Oncorhynchus
1982,Oncorhynchus nerka,Chordata,Osteichthyes,Salmoniformes,Salmonidae,Oncorhynchus
1983,Oncorhynchus nerka,Chordata,Osteichthyes,Salmoniformes,Salmonidae,Oncorhynchus
1984,Oncorhynchus nerka,Chordata,Osteichthyes,Salmoniformes,Salmonidae,Oncorhynchus
1986,Oncorhynchus nerka,Chordata,Osteichthyes,Salmoniformes,Salmonidae,Oncorhynchus
1987,Oncorhynchus nerka,Chordata,Osteichthyes,Salmoniformes,Salmonidae,Oncorhynchus
1988,Oncorhynchus nerka,Chordata,Osteichthyes,Salmoniformes,Salmonidae,Oncorhynchus
1990,Oncorhynchus nerka,Chordata,Osteichthyes,Salmoniformes,Salmonidae,Oncorhynchus
1991,Oncorhynchus nerka,Chordata,Osteichthyes,Salmoniformes,Salmonidae,Oncorhynchus
1992,Oncorhynchus nerka,Chordata,Osteichthyes,Salmoniformes,Salmonidae,Oncorhynchus
1993,Oncorhynchus nerka,Chordata,Osteichthyes,Salmoniformes,Salmonidae,Oncorhynchus
1994,Oncorhynchus nerka,Chordata,Osteichthyes,Salmoniformes,Salmonidae,Oncorhynchus
1998,Oncorhynchus nerka,Chordata,Osteichthyes,Salmoniformes,Salmonidae,Oncorhynchus
1999,Oncorhynchus nerka,Chordata,Osteichthyes,Salmoniformes,Salmonidae,Oncorhynchus
2003,Oncorhynchus nerka,Chordata,Osteichthyes,Salmoniformes,Salmonidae,Oncorhynchus
2004,Oncorhynchus nerka,Chordata,Osteichthyes,Salmoniformes,Salmonidae,Oncorhynchus
2005,Oncorhynchus nerka,Chordata,Osteichthyes,Salmoniformes,Salmonidae,Oncorhynchus
2006,Oncorhynchus nerka,Chordata,Osteichthyes,Salmoniformes,Salmonidae,Oncorhynchus
2007,Oncorhynchus nerka,Chordata,Osteichthyes,Salmoniformes,Salmonidae,Oncorhynchus
2008,Oncorhynchus nerka,Chordata,Osteichthyes,Salmoniformes,Salmonidae,Oncorhynchus
2009,Oncorhynchus nerka,Chordata,Osteichthyes,Salmoniformes,Salmonidae,Oncorhynchus
2011,Oncorhynchus nerka,Chordata,Osteichthyes,Salmoniformes,Salmonidae,Oncorhynchus
2012,Oncorhynchus nerka,Chordata,Osteichthyes,Salmoniformes,Salmonidae,Oncorhynchus
2013,Oncorhynchus nerka,Chordata,Osteichthyes,Salmoniformes,Salmonidae,Oncorhynchus
2015,Oncorhynchus nerka,Chordata,Osteichthyes,Salmoniformes,Salmonidae,Oncorhynchus
2016,Oncorhynchus nerka,Chordata,Osteichthyes,Salmoniformes,Salmonidae,Oncorhynchus
2017,Oncorhynchus nerka,Chordata,Osteichthyes,Salmoniformes,Salmonidae,Oncorhynchus
2018,Oncorhynchus nerka,Chordata,Osteichthyes,Salmoniformes,Salmonidae,Oncorhynchus
2019,Oncorhynchus nerka,Chordata,Osteichthyes,Salmoniformes,Salmonidae,Oncorhynchus
2020,Oncorhynchus nerka,Chordata,Osteichthyes,Salmoniformes,Salmonidae,Oncorhynchus
2024,Oncorhynchus nerka,Chordata,Osteichthyes,Salmoniformes,Salmonidae,Oncorhynchus
2025,Oncorhynchus nerka,Chordata,Osteichthyes,Salmoniformes,Salmonidae,Oncorhynchus
2026,Oncorhynchus nerka,Chordata,Osteichthyes,Salmoniformes,Salmonidae,Oncorhynchus
2027,Oncorhynchus nerka,Chordata,Osteichthyes,Salmoniformes,Salmonidae,Oncorhynchus
2028,Oncorhynchus nerka,Chordata,Osteichthyes,Salmoniformes,Salmonidae,Oncorhynchus
2031,Oncorhynchus nerka,Chordata,Osteichthyes,Salmoniformes,Salmonidae,Oncorhynchus
2032,Oncorhynchus nerka,Chordata,Osteichthyes,Salmoniformes,Salmonidae,Oncorhynchus
2033,Oncorhynchus nerka,Chordata,Osteichthyes,Salmoniformes,Salmonidae,Oncorhynchus
2034,Oncorhynchus nerka,Chordata,Osteichthyes,Salmoniformes,Salmonidae,Oncorhynchus
2066,Coregonus lavaretus,Chordata,Osteichthyes,Salmoniformes,Salmonidae,Coregonus
2096,Taius tumifrons,Chordata,Osteichthyes,Perciformes,Sparidae,Taius
2097,Taius tumifrons,Chordata,Osteichthyes,Perciformes,Sparidae,Taius
2098,Taius tumifrons,Chordata,Osteichthyes,Perciformes,Sparidae,Taius
2721,Lepus americanus,Chordata,Mammalia,Lagomorpha,Leporidae,Lepus
2722,Lynx canadensis,Chordata,Mammalia,Carnivora,Felidae,Lynx
2726,Colinus virginianus,Chordata,Aves,Galliformes,Tetraonidae,Colinus
2732,Lagopus mutus,Chordata,Aves,Galliformes,Tetraonidae,Lagopus
2733,Lagopus mutus,Chordata,Aves,Galliformes,Tetraonidae,Lagopus
2736,Lagopus mutus,Chordata,Aves,Galliformes,Tetraonidae,Lagopus
2737,Lagopus mutus,Chordata,Aves,Galliformes,Tetraonidae,Lagopus
2757,Phoenicurus ochruros,Chordata,Aves,Passeriformes,Muscicapidae,Phoenicurus
2758,Phoenicurus ochruros,Chordata,Aves,Passeriformes,Muscicapidae,Phoenicurus
2759,Oncorhynchus nerka,Chordata,Osteichthyes,Salmoniformes,Salmonidae,Oncorhynchus
2771,Phylloscopus trochilus,Chordata,Aves,Passeriformes,Sylviidae,Phylloscopus
2774,Vanellus vanellus,Chordata,Aves,Charadriiformes,Charadriidae,Vanellus
2775,Alauda arvensis,Chordata,Aves,Passeriformes,Alaudidae,Alauda
2778,Oenanthe oenanthe,Chordata,Aves,Passeriformes,Muscicapidae,Oenanthe
2780,Anthus pratensis,Chordata,Aves,Passeriformes,Motacillidae,Anthus
2781,Sturnus vulgaris,Chordata,Aves,Passeriformes,Sturnidae,Sturnus
5019,Macaca sylvanus,Chordata,Mammalia,Primates,Cercopithecidae,Macaca
5020,Macaca sylvanus,Chordata,Mammalia,Primates,Cercopithecidae,Macaca
5024,Myriophyllum spicatum,Angiospermophyta,Angiospermopsida (Dicotyledoneae),Haroragales,Haloragaceae,Myriophyllum
5026,Najas,Angiospermophyta,Angiospermopsida (Monocotyledonae),Najadales,Najadaceae,Najas
5029,Anser caerulescens caerulescens,Chordata,Aves,Anseriformes,Anatidae,Anser
5032,Callipepla californica,Chordata,Aves,Galliformes,Odontophoridae,Callipepla
5033,Haliaeetus leucocephalus,Chordata,Aves,Falconiformes,Accipitridae,Haliaeetus
5034,Haliaeetus leucocephalus,Chordata,Aves,Falconiformes,Accipitridae,Haliaeetus
5035,Haliaeetus leucocephalus,Chordata,Aves,Falconiformes,Accipitridae,Haliaeetus
5036,Haliaeetus leucocephalus,Chordata,Aves,Falconiformes,Accipitridae,Haliaeetus
5037,Falco sparverius,Chordata,Aves,Falconiformes,Falconidae,Falco
5038,Falco sparverius,Chordata,Aves,Falconiformes,Falconidae,Falco
5039,Buteo jamaicensis,Chordata,Aves,Falconiformes,Accipitridae,Buteo
5040,Circus cyaneus,Chordata,Aves,Falconiformes,Accipitridae,Circus
5044,Buteo lagopus,Chordata,Aves,Falconiformes,Accipitridae,Buteo
5045,Anas platyrhynchos,Chordata,Aves,Anseriformes,Anatidae,Anas
5047,Anas acuta,Chordata,Aves,Anseriformes,Anatidae,Anas
5049,Anas discors,Chordata,Aves,Anseriformes,Anatidae,Anas
5054,Aythya affinis,Chordata,Aves,Anseriformes,Anatidae,Aythya
5055,Oxyura jamaicensis,Chordata,Aves,Anseriformes,Anatidae,Oxyura
6057,Cepea nemoralis,Mollusca,Gastropoda,Stylommatophora,Cepaea,Cepea
6059,Perca fluviatilis,Chordata,Osteichthyes,Perciformes,Percidae,Perca
6061,Perca fluviatilis,Chordata,Osteichthyes,Perciformes,Percidae,Perca
6144,Esox lucius,Chordata,Osteichthyes,Salmoniformes,Esociadae,Esox
6522,Hirundo rustica,Chordata,Aves,Passeriformes,Hirundinidae,Hirundo
6527,Fulmarus glacialis,Chordata,Aves,Procellariiformes,Procellariidae,Fulmarus
6528,Phalacrocorax aristotelis,Chordata,Aves,Pelecaniformes,Phalacrocoracidae,Phalacrocorax
6529,Milvus milvus,Chordata,Aves,Falconiformes,Accipitridae,Milvus
6530,Parus caeruleus,Chordata,Aves,Passeriformes,Paridae,Parus
6531,Parus caeruleus,Chordata,Aves,Passeriformes,Paridae,Parus
6532,Parus caeruleus,Chordata,Aves,Passeriformes,Paridae,Parus
6533,Parus caeruleus,Chordata,Aves,Passeriformes,Paridae,Parus
6534,Parus caeruleus,Chordata,Aves,Passeriformes,Paridae,Parus
6535,Parus caeruleus,Chordata,Aves,Passeriformes,Paridae,Parus
6536,Parus caeruleus,Chordata,Aves,Passeriformes,Paridae,Parus
6537,Parus caeruleus,Chordata,Aves,Passeriformes,Paridae,Parus
6538,Diomedea exulans,Chordata,Aves,Podicipediformes,Diomedeidae,Diomedea
6541,Lophius piscatorius,Chordata,Osteichthyes,Lophiiformes,Lophiidae,Lophius
6542,Anarhichas lupus,Chordata,Osteichthyes,Perciformes,Anarhichadidae,Anarhichas
6547,Cyclopterus lumpus,Chordata,Osteichthyes,Perciformes,Cyclopteridae,Cyclopterus
6549,Clupea harengus,Chordata,Osteichthyes,Clupeiformes,Clupeidae,Clupea
6550,Sprattus sprattus,Chordata,Osteichthyes,Clupeiformes,Clupeidae,Sprattus
6552,Argentina silus,Chordata,Osteichthyes,Salmoniformes,Argentinidae,Argentina
6553,Gadus morhua,Chordata,Osteichthyes,Gadiformes,Gadidae,Gadus
6554,Melanogrammus aeglefinus,Chordata,Osteichthyes,Gadiformes,Gadidae,Melanogrammus
6555,Merlangius merlangus,Chordata,Osteichthyes,Gadiformes,Gadidae,Merlangius
6558,Trisopterus esmarkii,Chordata,Osteichthyes,Gadiformes,Gadidae,Trisopterus
6561,Merluccius merluccius,Chordata,Osteichthyes,Gadiformes,Gadidae,Merliccius
6564,Pleuronectes platessa,Chordata,Osteichthyes,Pleuronectiformes,Hippoglossidae,Pleuronectes
6565,Solea solea,Chordata,Osteichthyes,Pleuronectiformes,Soleidae,Solea
6566,Psetta maxima,Chordata,Osteichthyes,Pleuronectiformes,Bothidae,Psetta
6567,Scophthalmus rhombus,Chordata,Osteichthyes,Pleuronectiformes,Bothidae,Scophthalmus
6568,Glyptocephalus cynoglossus,Chordata,Osteichthyes,Pleuronectiformes,Soleidae,Glyptocephalus
6570,Platichthys flesus,Chordata,Osteichthyes,Pleuronectiformes,Hippoglossidae,Platichthys
6571,Arnoglossus laterna,Chordata,Osteichthyes,Pleuronectiformes,Bothidae,Arnoglossus
6582,Trisopterus minutus,Chordata,Osteichthyes,Gadiformes,Gadidae,Trisopterus
6588,Connochaetes taurinus,Chordata,Mammalia,Artiodactyla,Bovidae,Connochaetes
6589,Connochaetes taurinus,Chordata,Mammalia,Artiodactyla,Bovidae,Connochaetes
6590,Syncerus caffer,Chordata,Mammalia,Artiodactyla,Bovidae,Syncerus
6633,Rissa tridactyla,Chordata,Aves,Charadriiformes,Stercorariidae,Rissa
6634,Aleurotrachelus jelinekii,Arthropoda,Insecta,Hemiptera,Aleyrodidae,Aleurotrachelus
6657,Pleuronectes platessa,Chordata,Osteichthyes,Pleuronectiformes,Hippoglossidae,Pleuronectes
6673,Turdus iliacus,Chordata,Aves,Passeriformes,Muscicapidae,Turdus
6674,Turdus pilaris,Chordata,Aves,Passeriformes,Muscicapidae,Turdus
6676,Phylloscopus trochilus,Chordata,Aves,Passeriformes,Sylviidae,Phylloscopus
6677,Prunella modularis,Chordata,Aves,Passeriformes,Prunellidae,Prunella
6678,Emberiza schoeniclus,Chordata,Aves,Passeriformes,Fringillidae,Emberiza
6688,Carduelis flammea,Chordata,Aves,Passeriformes,Fringillidae,Carduelis
6713,Microtus californicus,Chordata,Mammalia,Rodentia,Muridae,Microtus
6714,Microtus californicus,Chordata,Mammalia,Rodentia,Muridae,Microtus
6715,Clethrionomys glareolus,Chordata,Mammalia,Rodentia,Muridae,Clethrionomys
6764,Drepanosiphum platanoidis,Arthropoda,Insecta,Hemiptera,Aphididae,Drepanosiphum
6765,Phyllaphis fagi,Arthropoda,Insecta,Hemiptera,Aphididae,Phyllaphis
6770,Stenella attenuata,Chordata,Mammalia,Cetacea,Delphinidae,Stenella
6863,Euxoa nigricans,Arthropoda,Insecta,Lepidoptera,Noctuidae,Euxoa
6864,Euxoa aquilina,Arthropoda,Insecta,Lepidoptera,Noctuidae,Euxoa
6865,Agrotis segetum,Arthropoda,Insecta,Lepidoptera,Noctuidae,Agrotis
6866,Agrotis clavis,Arthropoda,Insecta,Lepidoptera,Noctuidae,Agrotis
6867,Agrotis ipsilon,Arthropoda,Insecta,Lepidoptera,Noctuidae,Agrotis
6868,Agrotis exclamationis,Arthropoda,Insecta,Lepidoptera,Noctuidae,Agrotis
6869,Ochropleura plecta,Arthropoda,Insecta,Lepidoptera,Noctuidae,Ochropleura
6870,Noctua pronuba,Arthropoda,Insecta,Lepidoptera,Noctuidae,Noctua
6871,Noctua comes,Arthropoda,Insecta,Lepidoptera,Noctuidae,Noctua
6872,Noctua fimbrista,Arthropoda,Insecta,Lepidoptera,Noctuidae,Noctua
6873,Noctua janthina,Arthropoda,Insecta,Lepidoptera,Noctuidae,Noctua
6874,Opigena polygona,Arthropoda,Insecta,Lepidoptera,Noctuidae,Opigena
6875,Graphiphora augur,Arthropoda,Insecta,Lepidoptera,Noctuidae,Graphiphora
6876,Xestia c-nigrum,Arthropoda,Insecta,Lepidoptera,Noctuidae,Xestria
6877,Xestia ditrapezium,Arthropoda,Insecta,Lepidoptera,Noctuidae,Xestia
6878,Xestia triangulum,Arthropoda,Insecta,Lepidoptera,Noctuidae,Xestia
6879,Xestia baja,Arthropoda,Insecta,Lepidoptera,Noctuidae,Xestia
6880,Xestia xanthographa,Arthropoda,Insecta,Lepidoptera,Noctuidae,Xestia
6881,Paradiarsia glareosa,Arthropoda,Insecta,Lepidoptera,Noctuidae,Paradiarsia
6882,Discestra trifolii,Arthropoda,Insecta,Lepidoptera,Noctuidae,Discestra
6883,Heliophobus reticulatus,Arthropoda,Insecta,Lepidoptera,Noctuidae,Heliophobus
6884,Polia bombycina,Arthropoda,Insecta,Lepidoptera,Noctuidae,Polia
6885,Mamestra brassicae,Arthropoda,Insecta,Lepidoptera,Noctuidae,Mamestra
6886,Mamestra persicariae,Arthropoda,Insecta,Lepidoptera,Noctuidae,Mamestra
6887,Mamestra w-latinum,Arthropoda,Insecta,Lepidoptera,Noctuidae,Mamestra
6888,Mamestra thalassina,Arthropoda,Insecta,Lepidoptera,Noctuidae,Mamestra
6889,Mamestra suasa,Arthropoda,Insecta,Lepidoptera,Noctuidae,Mamestra
6890,Mamestra oleracea,Arthropoda,Insecta,Lepidoptera,Noctuidae,Mamestra
6891,Tholera decimalis,Arthropoda,Insecta,Lepidoptera,Noctuidae,Tholera
6892,Xylomiges conspicillaris,Arthropoda,Insecta,Lepidoptera,Noctuidae,Xylomiges
6893,Orthosia cruda,Arthropoda,Insecta,Lepidoptera,Noctuidae,Orthosia
6894,Orthosia gracilis,Arthropoda,Insecta,Lepidoptera,Noctuidae,Orthosia
6895,Orthosia stabillis,Arthropoda,Insecta,Lepidoptera,Noctuidae,Orthosia
6896,Orthosia incerta,Arthropoda,Insecta,Lepidoptera,Noctuidae,Orthosia
6897,Orthosia gothica,Arthropoda,Insecta,Lepidoptera,Noctuidae,Orthosia
6898,Mythimna conigera,Arthropoda,Insecta,Lepidoptera,Noctuidae,Mythimna
6899,Mythimna ferrago,Arthropoda,Insecta,Lepidoptera,Noctuidae,Mythimna
6900,Mythimna albipuncta,Arthropoda,Insecta,Lepidoptera,Noctuidae,Mythimna
6901,Mythimna pallens,Arthropoda,Insecta,Lepidoptera,Noctuidae,Mythimna
6902,Mythimna l-album,Arthropoda,Insecta,Lepidoptera,Noctuidae,Mythimna
6903,Mythimna comma,Arthropoda,Insecta,Lepidoptera,Noctuidae,Mythimna
6904,Cucullia fraudatrix,Arthropoda,Insecta,Lepidoptera,Noctuidae,Cucullia
6905,Cucullia umbratica,Arthropoda,Insecta,Lepidoptera,Noctuidae,Cucullia
6906,Eupsilia transversa,Arthropoda,Insecta,Lepidoptera,Noctuidae,Eupsilia
6907,Agrochola circellaris,Arthropoda,Insecta,Lepidoptera,Noctuidae,Agrochola
6908,Agrochola macilentus,Arthropoda,Insecta,Lepidoptera,Noctuidae,Agrochola
6909,Agrochola nitidus,Arthropoda,Insecta,Lepidoptera,Noctuidae,Agrochola
6910,Agrochola litura,Arthropoda,Insecta,Lepidoptera,Noctuidae,Agrochola
6911,Agrochola lychnidis,Arthropoda,Insecta,Lepidoptera,Noctuidae,Agrochola
6912,Cirrhia icteritia,Arthropoda,Insecta,Lepidoptera,Noctuidae,Cirrhia
6913,Cirrhia ocellaris,Arthropoda,Insecta,Lepidoptera,Noctuidae,Cirrhia
6914,Apatele rumicis,Arthropoda,Insecta,Lepidoptera,Noctuidae,Apatele
6915,Apatele psi,Arthropoda,Insecta,Lepidoptera,Noctuidae,Apatele
6916,Thalpophila matura,Arthropoda,Insecta,Lepidoptera,Noctuidae,Thalpophila
6917,Apamea monoglypha,Arthropoda,Insecta,Lepidoptera,Noctuidae,Apamea
6918,Apamea lithoxylaea,Arthropoda,Insecta,Lepidoptera,Noctuidae,Apamea
6919,Apamea lateritia,Arthropoda,Insecta,Lepidoptera,Noctuidae,Apamea
6920,Apamea anceps,Arthropoda,Insecta,Lepidoptera,Noctuidae,Apamea
6921,Apamea sordens,Arthropoda,Insecta,Lepidoptera,Noctuidae,Apamea
6922,Mesapamea secalis,Arthropoda,Insecta,Lepidoptera,Noctuidae,Mesapamea
6923,Oligia strigilis,Arthropoda,Insecta,Lepidoptera,Noctuidae,Oligia
6924,Oligia latruncula,Arthropoda,Insecta,Lepidoptera,Noctuidae,Oligia
6925,Oligia furuncula,Arthropoda,Insecta,Lepidoptera,Noctuidae,Oligia
6926,Luperina testacea,Arthropoda,Insecta,Lepidoptera,Notodontidae,Luperina
6927,Amphipoea fucosa,Arthropoda,Insecta,Lepidoptera,Noctuidae,Amphipoea
6928,Hydraecia micacea,Arthropoda,Insecta,Lepidoptera,Noctuidae,Hydraecia
6929,Caradrina morpheus,Arthropoda,Insecta,Lepidoptera,Noctuidae,Caradrina
6930,Caradrina clavipalpis,Arthropoda,Insecta,Lepidoptera,Noctuidae,Caradrina
6931,Hoplodrina alsines,Arthropoda,Insecta,Lepidoptera,Noctuidae,Hoplodrina
6932,Hoplodrina blanda,Arthropoda,Insecta,Lepidoptera,Noctuidae,Hoplodrina
6933,Hoplodrina ambigua,Arthropoda,Insecta,Lepidoptera,Noctuidae,Hoplodrina
6934,Plastenis subtusa,Arthropoda,Insecta,Lepidoptera,Unknown,Plastenis
6935,Meristis trigrammica,Arthropoda,Insecta,Lepidoptera,Noctuidae,Meristis
6936,Calymnia trapezina,Arthropoda,Insecta,Lepidoptera,Noctuidae,Calymnia
6937,Pyrrhia umbra,Arthropoda,Insecta,Lepidoptera,Noctuidae,Pyrrhia
6938,Axylia putris,Arthropoda,Insecta,Lepidoptera,Noctuidae,Axylia
6939,Autographa gamma,Arthropoda,Insecta,Lepidoptera,Noctuidae,Autographa
6940,Diachrysia chrysitis,Arthropoda,Insecta,Lepidoptera,Noctuidae,Diachrysia
6941,Zanclognatha tarsicrinalis,Arthropoda,Insecta,Lepidoptera,Noctuidae,Zanclognatha
6942,Hypena proboscidalis,Arthropoda,Insecta,Lepidoptera,Noctuidae,Hypena
6943,Alsophila aescularia,Arthropoda,Insecta,Lepidoptera,Geometridae,Alsophila
6944,Operophtera brumata,Arthropoda,Insecta,Lepidoptera,Geometridae,Operophtera
6945,Pelurga comitata,Arthropoda,Insecta,Lepidoptera,Geometridae,Pelurga
6946,Cosmorhoe ocellata,Arthropoda,Insecta,Lepidoptera,Geometridae,Cosmorhoe
6947,Eulithis prunata,Arthropoda,Insecta,Lepidoptera,Geometridae,Eulithis
6948,Eulithis pyraliata,Arthropoda,Insecta,Lepidoptera,Geometridae,Eulithis
6949,Cidaria fulvata,Arthropoda,Insecta,Lepidoptera,Geometridae,Cidaria
6950,Thera juniperata,Arthropoda,Insecta,Lepidoptera,Geometridae,Thera
6951,Pareulype berberata,Arthropoda,Insecta,Lepidoptera,Geometridae,Pareulype
6953,Eupithecia intricata,Arthropoda,Insecta,Lepidoptera,Geometridae,Eupithecia
6955,Eupithecia succenturiata,Arthropoda,Insecta,Lepidoptera,Geometridae,Eupithecia
6956,Eupithecia centaureata,Arthropoda,Insecta,Lepidoptera,Geometridae,Eupithecia
6957,Eupithecia innotata,Arthropoda,Insecta,Lepidoptera,Geometridae,Eupithecia
6958,Camptogramma bilineata,Arthropoda,Insecta,Lepidoptera,Geometridae,Camptogramma
6959,Xanthorhoe ferrugata,Arthropoda,Insecta,Lepidoptera,Geometridae,Xanthorhoe
6960,Xanthorhoe fluctuata,Arthropoda,Insecta,Lepidoptera,Geometridae,Xanthorhoe
6961,Epirrhoe alternata,Arthropoda,Insecta,Lepidoptera,Geometridae,Epirrhoe
6962,Camptogramma bilineata,Arthropoda,Insecta,Lepidoptera,Geometridae,Camptogramma
6963,Aplocera plagiata,Arthropoda,Insecta,Lepidoptera,Geometridae,Aplocera
6964,Idaes aversata,Arthropoda,Insecta,Lepidoptera,Geometridae,Idaes
6965,Timandra amata,Arthropoda,Insecta,Lepidoptera,Geometridae,Timandra
6966,Semiothisa alternaria,Arthropoda,Insecta,Lepidoptera,Geometridae,Semiothisa
6967,Semiothisa liturata,Arthropoda,Insecta,Lepidoptera,Geometridae,Semiothisa
6968,Semiothisa clathrata,Arthropoda,Insecta,Lepidoptera,Geometridae,Semiothisa
6970,Opisthograptis luteolata,Arthropoda,Insecta,Lepidoptera,Geometridae,Opisthograptis
6971,Ourapteryx sambucaria,Arthropoda,Insecta,Lepidoptera,Geometridae,Ourapteryx
6972,Colotois pennaria,Arthropoda,Insecta,Lepidoptera,Geometridae,Colotois
6973,Biston betularia,Arthropoda,Insecta,Lepidoptera,Geometridae,Biston
6974,Peribatodes rhomboidaria,Arthropoda,Insecta,Lepidoptera,Geometridae,Peribatodes
6975,Cleora cinctaria,Arthropoda,Insecta,Lepidoptera,Geometridae,Cleora
6976,Ectropis bistortata,Arthropoda,Insecta,Lepidoptera,Geometridae,Ectropis
6977,Cabera pusaria,Arthropoda,Insecta,Lepidoptera,Geometridae,Cabera
6978,Ennomos autumnaria,Arthropoda,Insecta,Lepidoptera,Geometridae,Ennomos
6982,Phragmatobia fuliginosa,Arthropoda,Insecta,Lepidoptera,Arctiidae,Phragmatobia
6983,Eilema complana,Arthropoda,Insecta,Lepidoptera,Arctiidae,Eilema
6985,Spilosoma lubricipeda,Arthropoda,Insecta,Lepidoptera,Arctiidae,Spilosoma
6986,Spilosoma luteum,Arthropoda,Insecta,Lepidoptera,Arctiidae,Spilosoma
6987,Notodonta dromedarius,Arthropoda,Insecta,Lepidoptera,Notodontidae,Notodonta
6989,Pterostoma Palpina,Arthropoda,Insecta,Lepidoptera,Notodontidae,Pterostoma
6990,Pygaera curtula,Arthropoda,Insecta,Lepidoptera,Noctuidae,Pygaera
6991,Laothoe populi,Arthropoda,Insecta,Lepidoptera,Sphingidae,Laothoe
6992,Celerio porcellus,Arthropoda,Insecta,Lepidoptera,Sphingidae,Celerio
6993,Habrosyne pyritoides,Arthropoda,Insecta,Lepidoptera,Drepanidae,Habrosyne
6994,Drepana falcataria,Arthropoda,Insecta,Lepidoptera,Drepanidae,Drepana
6995,Cilix glaucata,Arthropoda,Insecta,Lepidoptera,Drepanidae,Cilix
6996,Deilephila elpenor,Arthropoda,Insecta,Lepidoptera,Sphingidae,Deilephila
7022,Salmo trutta,Chordata,Osteichthyes,Clupeiformes,Salmonidae,Salmo
7025,Salmo trutta,Chordata,Osteichthyes,Clupeiformes,Salmonidae,Salmo
7041,Lagopus lagopus scoticus,Chordata,Aves,Galliformes,Tetraonidae,Lagopus
7042,Lagopus lagopus scoticus,Chordata,Aves,Galliformes,Tetraonidae,Lagopus
7048,Lynx rufus,Chordata,Mammalia,Carnivora,Felidae,Lynx
7051,Corvus frugilegus,Chordata,Aves,Passeriformes,Corvidae,Corvus
7059,Syncerus caffer,Chordata,Mammalia,Artiodactyla,Bovidae,Syncerus
7060,Connochaetes taurinus,Chordata,Mammalia,Artiodactyla,Bovidae,Connochaetes
7061,Phoca groenlandica,Chordata,Mammalia,Carnivora,Phocidae,Phoca
7067,Oncorhynchus gorbuscha,Chordata,Osteichthyes,Salmoniformes,Salmonidae,Oncorhynchus
7088,Ondatra zibethicus,Chordata,Mammalia,Rodentia,Muridae,Ondatra
7089,Ondatra zibethicus,Chordata,Mammalia,Rodentia,Muridae,Ondatra
7091,Ondatra zibethicus,Chordata,Mammalia,Rodentia,Muridae,Ondatra
7092,Ondatra zibethicus,Chordata,Mammalia,Rodentia,Muridae,Ondatra
7093,Ondatra zibethicus,Chordata,Mammalia,Rodentia,Muridae,Ondatra
7094,Ondatra zibethicus,Chordata,Mammalia,Rodentia,Muridae,Ondatra
7096,Muridae,Chordata,Mammalia,Rodentia,Muridae,Unknown
7115,Arctocephalus pusillus,Chordata,Mammalia,Carnivora,Otariidae,Arctocephalus
7119,Orthoptera,Arthropoda,Insecta,Orthoptera,Unknown,Unknown
9185,Calathus melanocephalus,Arthropoda,Insecta,Coleoptera,Carabidae,Calathus
9186,Calathus melanocephalus,Arthropoda,Insecta,Coleoptera,Carabidae,Calathus
9187,Calathus melanocephalus,Arthropoda,Insecta,Coleoptera,Carabidae,Calathus
9188,Calathus melanocephalus,Arthropoda,Insecta,Coleoptera,Carabidae,Calathus
9191,Panaxia dominula-dominula,Arthropoda,Insecta,Lepidoptera,Arctiidae,Panaxia
9192,Panaxia dominula-medionigra,Arthropoda,Insecta,Lepidoptera,Arctiidae,Panaxia
9200,Parus major,Chordata,Aves,Passeriformes,Paridae,Parus
9207,Parus major,Chordata,Aves,Passeriformes,Paridae,Parus
9211,Parus afer,Chordata,Aves,Passeriformes,Paridae,Parus
9232,Bupalus piniaria,Arthropoda,Insecta,Lepidoptera,Geometridae,Bupalus
9245,Phoca vitulina,Chordata,Mammalia,Carnivora,Phocidae,Phoca
9247,Phoca vitulina,Chordata,Mammalia,Carnivora,Phocidae,Phoca
9270,Podiceps cristatus,Chordata,Aves,Podicipediformes,Podicipedidae,Podiceps
9271,Anas platyrhynchos,Chordata,Aves,Anseriformes,Anatidae,Anas
9272,Anas acuta,Chordata,Aves,Anseriformes,Anatidae,Anas
9273,Anas penelope,Chordata,Aves,Anseriformes,Anatidae,Anas
9276,Anas clypeata,Chordata,Aves,Anseriformes,Anatidae,Anas
9277,Aythya fuligula,Chordata,Aves,Anseriformes,Anatidae,Aythya
9279,Ardea purpurea,Chordata,Aves,Ciconiiformes,Ardeidae,Ardea
9280,Ardea purpurea,Chordata,Aves,Ciconiiformes,Ardeidae,Ardea
9294,Clethrionomys glareolus,Chordata,Mammalia,Rodentia,Muridae,Clethrionomys
9308,Lymantria dispar,Arthropoda,Insecta,Lepidoptera,Lymantriidae,Lymantria
9330,Phalacrocorax carbo,Chordata,Aves,Pelecaniformes,Phalacrocoracidae,Phalacrocorax
9331,Phalacrocorax carbo,Chordata,Aves,Pelecaniformes,Phalacrocoracidae,Phalacrocorax
9339,Keratella quadrata,Aschelminthes,Rotifera,Monogonata,Brachionidae,Keratella
9344,Eudiaptomas gracilioides and Eudiaptomas gracilis.,Arthropoda,Crustacea,Calanoida,Diaptomidae,Eudiaptomus
9347,Mesocyclops oithonoides,Arthropoda,Crustacea,Cyclopoida,Cyclopidae,Mesocyclops
9355,Halichoerus grypus,Chordata,Mammalia,Pinnipedia,Phocidae,Halichoerus
9357,Microtus arvalis,Chordata,Mammalia,Rodentia,Muridae,Microtus
9370,Lynx canadensis,Chordata,Mammalia,Carnivora,Felidae,Lynx
9371,Lynx canadensis,Chordata,Mammalia,Carnivora,Felidae,Lynx
9372,Lynx canadensis,Chordata,Mammalia,Carnivora,Felidae,Lynx
9373,Lynx canadensis,Chordata,Mammalia,Carnivora,Felidae,Lynx
9374,Lynx canadensis,Chordata,Mammalia,Carnivora,Felidae,Lynx
9375,Lynx canadensis,Chordata,Mammalia,Carnivora,Felidae,Lynx
9376,Lynx canadensis,Chordata,Mammalia,Carnivora,Felidae,Lynx
9377,Lynx canadensis,Chordata,Mammalia,Carnivora,Felidae,Lynx
9378,Lynx canadensis,Chordata,Mammalia,Carnivora,Felidae,Lynx
9379,Lynx canadensis,Chordata,Mammalia,Carnivora,Felidae,Lynx
9381,Bupalus piniaria,Arthropoda,Insecta,Lepidoptera,Geometridae,Bupalus
9391,Canis lupus,Chordata,Mammalia,Carnivora,Canidae,Canis
9393,Canis lupus,Chordata,Mammalia,Carnivora,Canidae,Canis
9395,Branta bernicla bernicla,Chordata,Aves,Anseriformes,Anatidae,Branta
9400,Branta bernicla bernicla,Chordata,Aves,Anseriformes,Anatidae,Branta
9436,Spiza americana,Chordata,Aves,Passeriformes,Fringillidae,Spiza
9437,Spiza americana,Chordata,Aves,Passeriformes,Fringillidae,Spiza
9438,Spiza americana,Chordata,Aves,Passeriformes,Fringillidae,Spiza
9439,Spiza americana,Chordata,Aves,Passeriformes,Fringillidae,Spiza
9440,Spiza americana,Chordata,Aves,Passeriformes,Fringillidae,Spiza
9441,Spiza americana,Chordata,Aves,Passeriformes,Fringillidae,Spiza
9442,Spiza americana,Chordata,Aves,Passeriformes,Fringillidae,Spiza
9443,Spiza americana,Chordata,Aves,Passeriformes,Fringillidae,Spiza
9444,Spiza americana,Chordata,Aves,Passeriformes,Fringillidae,Spiza
9445,Spiza americana,Chordata,Aves,Passeriformes,Fringillidae,Spiza
9446,Spiza americana,Chordata,Aves,Passeriformes,Fringillidae,Spiza
9447,Parus major,Chordata,Aves,Passeriformes,Paridae,Parus
9460,Bonasa umbellus,Chordata,Aves,Galliformes,Tetraonidae,Bonasa
9463,Lepus americanus,Chordata,Mammalia,Lagomorpha,Leporidae,Lepus
9506,Accipiter gentilis,Chordata,Aves,Falconiformes,Accipitridae,Accipiter
9507,Bubo virginianus,Chordata,Aves,Strigiformes,Strigidae,Bubo
9513,Sciurus,Chordata,Mammalia,Rodentia,Sciuridae,Sciurus
9515,Lepus timidus,Chordata,Mammalia,Lagomorpha,Leporidae,Lepus
9519,Heterospilus prosopidis,Arthropoda,Insecta,Hymenoptera,Braconidae,Heterospilus
9641,Choristoneura fumiferana,Arthropoda,Insecta,Lepidoptera,Tortricidae,Choristoneura
9685,Rubeola or Morbilli,Virus,Unknown,Unknown,Unknown,
9686,Bordetella pertussis,Monera,Unknown,Unknown,Unknown,Bordetella
9688,Panolis flammea,Arthropoda,Insecta,Lepidoptera,Noctuidae,Panolis
9689,Hyloicus pinastri,Arthropoda,Insecta,Lepidoptera,Sphingidae,Hyloicus
9690,Dendrolimus pini,Arthropoda,Insecta,Lepidoptera,Lasiocampidae,Dendrolimus
9691,Bupalus piniaria,Arthropoda,Insecta,Lepidoptera,Geometridae,Bupalus
9692,Meles meles,Chordata,Mammalia,Carnivora,Mustelidae,Meles
9693,Felidae,Chordata,Mammalia,Carnivora,Felidae,Unknown
9694,Mustela erminea,Chordata,Mammalia,Carnivora,Mustelidae,Mustela
9695,Martes foina,Chordata,Mammalia,Carnivora,Mustelidae,Martes
9696,Mustela putorius,Chordata,Mammalia,Carnivora,Mustelidae,Mustela
9698,Oryctolagus cuniculus,Chordata,Mammalia,Lagomorpha,Leporidae,Oryctolagus
9699,Sciurus,Chordata,Mammalia,Rodentia,Sciuridae,Sciurus
9700,Castor canadensis,Chordata,Mammalia,Rodentia,Castoridae,Castor
9701,Castor canadensis,Chordata,Mammalia,Rodentia,Castoridae,Castor
9702,Martes americana,Chordata,Mammalia,Carnivora,Mustelidae,Martes
9703,Lutra canadensis,Chordata,Mammalia,Carnivora,Mustelidae,Lutra
9704,Lynx canadensis,Chordata,Mammalia,Carnivora,Felidae,Lynx
9705,Vulpes,Chordata,Mammalia,Carnivora,Canidae,Vulpes
9706,Gulo gulo,Chordata,Mammalia,Carnivora,Mustelidae,Gulo
9707,Ursus,Chordata,Mammalia,Carnivora,Ursidae,Ursus
9708,Canis lupus,Chordata,Mammalia,Carnivora,Canidae,Canis
9709,Mustela vison,Chordata,Mammalia,Carnivora,Mustelidae,Mustela
9710,Ondatra zibethicus,Chordata,Mammalia,Rodentia,Muridae,Ondatra
9711,Procyon Lotor,Chordata,Mammalia,Carnivora,Procyonidae,Procyon
9712,Cervus,Chordata,Mammalia,Artiodactyla,Cervidae,Cervus
9713,Lepus americanus,Chordata,Mammalia,Lagomorpha,Leporidae,Lepus
9714,Martes pennanti,Chordata,Mammalia,Carnivora,Mustelidae,Martes
9715,Cygnus,Chordata,Aves,Anseriformes,Anatidae,Cygnus
9717,Taxidea taxus,Chordata,Mammalia,Carnivora,Mustelidae,Taxidea
9718,Mephitis mephitis,Chordata,Mammalia,Carnivora,Mustelidae,Mephitis
9719,Otariidae,Chordata,Mammalia,Carnivora,Otariidae,Unknown
9720,Callorhinus ursinus,Chordata,Mammalia,Carnivora,Otariidae,Callorhinus
9721,Castor canadensis,Chordata,Mammalia,Rodentia,Castoridae,Castor
9722,Ursus,Chordata,Mammalia,Carnivora,Ursidae,Ursus
9723,Lutra canadensis,Chordata,Mammalia,Carnivora,Mustelidae,Lutra
9724,Martes pennanti,Chordata,Mammalia,Carnivora,Mustelidae,Martes
9725,Martes americana,Chordata,Mammalia,Carnivora,Mustelidae,Martes
9726,Canis lupus,Chordata,Mammalia,Carnivora,Canidae,Canis
9727,Gulo gulo,Chordata,Mammalia,Carnivora,Mustelidae,Gulo
9728,Lynx canadensis,Chordata,Mammalia,Carnivora,Felidae,Lynx
9729,Mustela vison,Chordata,Mammalia,Carnivora,Mustelidae,Mustela
9730,Vulpes fulva,Chordata,Mammalia,Carnivora,Canidae,Vulpes
9731,Procyon Lotor,Chordata,Mammalia,Carnivora,Procyonidae,Procyon
9732,Ondatra zibethicus,Chordata,Mammalia,Rodentia,Muridae,Ondatra
9733,Cervus elaphus canadensis,Chordata,Mammalia,Artiodactyla,Cervidae,Cervus
9734,Cervidae,Chordata,Mammalia,Artiodactyla,Cervidae,Unknown
9736,Cygnus,Chordata,Aves,Anseriformes,Anatidae,Cygnus
9737,Didelphis virginiana,Chordata,Mammalia,Marsupialia,Didelphidae,Didelphis
9738,Callorhinus ursinus,Chordata,Mammalia,Carnivora,Otariidae,Callorhinus
9739,Mephitis mephitis,Chordata,Mammalia,Carnivora,Mustelidae,Mephitis
9740,Enhydra lutris,Chordata,Mammalia,Carnivora,Mustelidae,Enhydra
9741,Lynx rufus,Chordata,Mammalia,Carnivora,Felidae,Lynx
9793,Pterocles namaqua,Chordata,Aves,Pteroclidiformes,Pteroclididae,Pterocles
9794,Tetrao urogallus,Chordata,Aves,Galliformes,Tetraonidae,Tetrao
9795,Tetrao tetrix,Chordata,Aves,Galliformes,Tetraonidae,Tetrao
9796,Bonasa bonasia,Chordata,Aves,Galliformes,Tetraonidae,Bonasa
9797,Lagopus lagopus,Chordata,Aves,Galliformes,Tetraonidae,Lagopus
9832,Lepus americanus,Chordata,Mammalia,Lagomorpha,Leporidae,Lepus
9835,Tetrapturus audax,Chordata,Osteichthyes,Perciformes,Istrophoridae,Tetrapturus
9836,Tetrapturus audax,Chordata,Osteichthyes,Perciformes,Istrophoridae,Tetrapturus
9837,Tetrapturus audax,Chordata,Osteichthyes,Perciformes,Istrophoridae,Tetrapturus
9855,Alauda arvensis,Chordata,Aves,Passeriformes,Alaudidae,Alauda
9856,Hirundo rustica,Chordata,Aves,Passeriformes,Hirundinidae,Hirundo
9857,Delichon urbica,Chordata,Aves,Passeriformes,Hirundinidae,Delichon
9858,Anthus trivialis,Chordata,Aves,Passeriformes,Motacillidae,Anthus
9859,Anthus pratensis,Chordata,Aves,Passeriformes,Motacillidae,Anthus
9860,Motacilla flava,Chordata,Aves,Passeriformes,Motacillidae,Motacilla
9861,Motacilla alba,Chordata,Aves,Passeriformes,Motacillidae,Motacilla
9862,Troglodytes troglodytes,Chordata,Aves,Passeriformes,Certhiidae,Troglodytes
9863,Prunella modularis,Chordata,Aves,Passeriformes,Prunellidae,Prunella
9864,Erithacus rubecula,Chordata,Aves,Passeriformes,Muscicapidae,Erithacus
9865,Luscinia luscinia,Chordata,Aves,Passeriformes,Turidae,Luscinia
9866,Phoenicurus phoenicurus,Chordata,Aves,Passeriformes,Muscicapidae,Phoenicurus
9867,Turdus merula,Chordata,Aves,Passeriformes,Muscicapidae,Turdus
9868,Turdus philomelos,Chordata,Aves,Passeriformes,Muscicapidae,Turdus
9869,Turdus iliacus,Chordata,Aves,Passeriformes,Muscicapidae,Turdus
9870,Acrocephalus schoenobaenus,Chordata,Aves,Passeriformes,Sylviidae,Acrocephalus
9871,Acrocephalus scirpaceus,Chordata,Aves,Passeriformes,Sylviidae,Acrocephalus
9872,Hippolais icterina,Chordata,Aves,Passeriformes,Sylviidae,Hippolais
9873,Sylvia curruca,Chordata,Aves,Passeriformes,Sylviidae,Sylvia
9874,Sylvia communis,Chordata,Aves,Passeriformes,Sylviidae,Sylvia
9875,Sylvia borin,Chordata,Aves,Passeriformes,Sylviidae,Sylvia
9876,Sylvia atricapilla,Chordata,Aves,Passeriformes,Sylviidae,Sylvia
9877,Phylloscopus sibilatrix,Chordata,Aves,Passeriformes,Sylviidae,Phylloscopus
9878,Phylloscopus collybita,Chordata,Aves,Passeriformes,Sylviidae,Phylloscopus
9879,Phylloscopus trochilus,Chordata,Aves,Passeriformes,Sylviidae,Phylloscopus
9880,Muscicapa striata,Chordata,Aves,Passeriformes,Muscicapidae,Muscicapa
9881,Ficedula hypoleuca,Chordata,Aves,Passeriformes,Muscicapidae,Ficedula
9882,Lanius collurio,Chordata,Aves,Passeriformes,Laniidae,Lanius
9883,Fringilla coelebs,Chordata,Aves,Passeriformes,Fringillidae,Fringilla
9884,Carduelis cannabina,Chordata,Aves,Passeriformes,Fringillidae,Carduelis
9885,Carpodacus erythrinus,Chordata,Aves,Passeriformes,Fringillidae,Carpodacus
9886,Pyrrhula pyrrhula,Chordata,Aves,Passeriformes,Fringillidae,Pyrrhula
9887,Emberiza citrinella,Chordata,Aves,Passeriformes,Fringillidae,Emberiza
9888,Emberiza schoeniclus,Chordata,Aves,Passeriformes,Fringillidae,Emberiza
9893,Lanius excubitor,Chordata,Aves,Passeriformes,Laniidae,Lanius
9894,Clethrionomys rufocanus,Chordata,Mammalia,Rodentia,Muridae,Clethrionomys
9896,Ixoreus naevius,Chordata,Aves,Passeriformes,Turidae,Ixoreus
9897,Ixoreus naevius,Chordata,Aves,Passeriformes,Turidae,Ixoreus
9898,Anas platyrhynchos,Chordata,Aves,Anseriformes,Anatidae,Anas
9899,Anas americana,Chordata,Aves,Anseriformes,Anatidae,Anas
9901,Anas crecca,Chordata,Aves,Anseriformes,Anatidae,Anas
9902,Anas discors,Chordata,Aves,Anseriformes,Anatidae,Anas
9903,Anas acuta,Chordata,Aves,Anseriformes,Anatidae,Anas
9904,Anas clypeata,Chordata,Aves,Anseriformes,Anatidae,Anas
9907,Aythya valisinera,Chordata,Aves,Anseriformes,Anatidae,Aythya
9947,Operophtera brumata,Arthropoda,Insecta,Lepidoptera,Geometridae,Operophtera
9948,Operophtera brumata,Arthropoda,Insecta,Lepidoptera,Geometridae,Operophtera
9949,Operophtera brumata,Arthropoda,Insecta,Lepidoptera,Geometridae,Operophtera
9950,Operophtera brumata,Arthropoda,Insecta,Lepidoptera,Geometridae,Operophtera
9951,Operophtera brumata,Arthropoda,Insecta,Lepidoptera,Geometridae,Operophtera
